class,content_hash,duplicate_files,kept,dropped
Astrocitoma T1,2ff549497aee69d06a0b279b39ee3de851991b53a9de90f4edcf92ff841c8723,astro_infraT (10).jpeg; astro_infraT (2).jpeg,astro_infraT (10).jpeg,astro_infraT (2).jpeg
Astrocitoma T1,e7cdb57a57a5f0f1e49930e8eb8bb753cdde3e88908778e855b873700ce717d9,astro_infraT (13).jpeg; astro_infraT (7).jpeg,astro_infraT (13).jpeg,astro_infraT (7).jpeg
Astrocitoma T1,fd3253f6b66748473905dd8721803dbb640a1d40c988debcbca1a6e45c485cff,astro_infraT (16).jpeg; astro_infraT (20).jpeg,astro_infraT (16).jpeg,astro_infraT (20).jpeg
Astrocitoma T1,3f8a43ae02509df86e4de83831f4594b5f641cd77c45f34a948a5160bfa7e7df,astro_infraT (18).jpeg; astro_infraT (9).jpeg,astro_infraT (18).jpeg,astro_infraT (9).jpeg
Astrocitoma T2,1a64a0baa4050ffc7d4cc694826f92296efbaabc5a3d74444cc09feb26d3c1be,07bee41228cffe84d711bb25d9f980_big_gallery.jpeg; f4456b17e60ff6d2fde8e26e6e51b4_big_gallery.jpeg,07bee41228cffe84d711bb25d9f980_big_gallery.jpeg,f4456b17e60ff6d2fde8e26e6e51b4_big_gallery.jpeg
Astrocitoma T2,5206c7493ded87b25a59ddb9907cf84ee645ae71c5702d10dd3fb1463a59ee17,1ca3b483273e93543493416147f5a4_big_gallery.jpeg; be0283af75cae8e9ec02613cdf57c4_big_gallery.jpeg,1ca3b483273e93543493416147f5a4_big_gallery.jpeg,be0283af75cae8e9ec02613cdf57c4_big_gallery.jpeg
Astrocitoma T2,3bddb23df857b6dba1dff376aafcea17131177513eeec3eaf081adb361af9d42,28acf0fd9dc9a5fa3ae69ee28853f8_big_gallery.jpeg; d93e5c441bca25ae261ce83989326e_big_gallery.jpeg,28acf0fd9dc9a5fa3ae69ee28853f8_big_gallery.jpeg,d93e5c441bca25ae261ce83989326e_big_gallery.jpeg
Astrocitoma T2,9f587acf478d1b6a1772fcbfa19077e813d5a49f206adc8708379c39afa39a38,36746410de2a874e6bb3696b3c994a_big_gallery.jpeg; 909fed3bf9593bef90877df86ef334_big_gallery.jpeg,36746410de2a874e6bb3696b3c994a_big_gallery.jpeg,909fed3bf9593bef90877df86ef334_big_gallery.jpeg
Astrocitoma T2,f4abf43cdd03c95c5a440e7c5f806c3563acc9e1b53749410e6fd74fe1d5d63f,446c6e6d53cbc514f9f4b51697fabb_big_gallery.jpeg; 992becd63a8141cb6844b0ab7158ce_big_gallery.jpeg,446c6e6d53cbc514f9f4b51697fabb_big_gallery.jpeg,992becd63a8141cb6844b0ab7158ce_big_gallery.jpeg
Astrocitoma T2,87f60264c6514d34482bb4c67e1e09287c1cc4d6e3e50b36e907f46d915b7e59,7fed4c9656d608f3b956fef3693871_big_gallery.jpeg; 9e605d7a0dfd25806e53a40cb3822c_big_gallery.jpeg,7fed4c9656d608f3b956fef3693871_big_gallery.jpeg,9e605d7a0dfd25806e53a40cb3822c_big_gallery.jpeg
Meningioma T1,af7c05d296d0705a6cc5a0b166d36100eff63a24c9350c0a040070fceaffeabb,2022-05-30 16_47_04-Angiomatous meningioma _ Radiology Case _ Radiopaedia.org - Opera.jpg; 2022-05-30 16_47_22-Angiomatous meningioma _ Radiology Case _ Radiopaedia.org - Opera.jpg,2022-05-30 16_47_04-Angiomatous meningioma _ Radiology Case _ Radiopaedia.org - Opera.jpg,2022-05-30 16_47_22-Angiomatous meningioma _ Radiology Case _ Radiopaedia.org - Opera.jpg
Meningioma T1,e0ec165207a9422f350cc7da4aa470eb6da83325c91b7395bdbfb053c6d42eb9,2022-05-30 16_47_10-Angiomatous meningioma _ Radiology Case _ Radiopaedia.org - Opera.jpg; 2022-05-30 16_47_27-Angiomatous meningioma _ Radiology Case _ Radiopaedia.org - Opera.jpg,2022-05-30 16_47_10-Angiomatous meningioma _ Radiology Case _ Radiopaedia.org - Opera.jpg,2022-05-30 16_47_27-Angiomatous meningioma _ Radiology Case _ Radiopaedia.org - Opera.jpg
Meningioma T1,f85d6daffcddfea535acda918f2bbc11d1d4c43af4c522e811acecb152a247f3,8d5b718fa418d9c6a3cbe92dec743d5c99e3e065fdc286c5c1610f4fde2bab61_big_gallery (1).jpeg; 8d5b718fa418d9c6a3cbe92dec743d5c99e3e065fdc286c5c1610f4fde2bab61_big_gallery.jpeg,8d5b718fa418d9c6a3cbe92dec743d5c99e3e065fdc286c5c1610f4fde2bab61_big_gallery (1).jpeg,8d5b718fa418d9c6a3cbe92dec743d5c99e3e065fdc286c5c1610f4fde2bab61_big_gallery.jpeg
Meningioma T1C+,bff0f40339f36410c5b4b860838268dab1a626f84114a66521d1ed4de590da0f,1cc9263ce5e9b6a312719944f66691_big_gallery (1).jpeg; 1cc9263ce5e9b6a312719944f66691_big_gallery.jpeg,1cc9263ce5e9b6a312719944f66691_big_gallery (1).jpeg,1cc9263ce5e9b6a312719944f66691_big_gallery.jpeg
Meningioma T1C+,e2aed49e4067234ae7c33f729719af95e7a5dfdab4a8844dd85ceff7923a4a2f,2022-05-30 15_43_19-Atypical meningioma _ Radiology Case _ Radiopaedia.org - Opera.jpg; 2022-05-30 15_43_30-Atypical meningioma _ Radiology Case _ Radiopaedia.org - Opera.jpg,2022-05-30 15_43_19-Atypical meningioma _ Radiology Case _ Radiopaedia.org - Opera.jpg,2022-05-30 15_43_30-Atypical meningioma _ Radiology Case _ Radiopaedia.org - Opera.jpg
Meningioma T2,bdf0918e6c7f24fa375ed9837da43100a399a4f44d3e3b9d5d08a2a8f1830f6a,2022-05-30 15_10_56-Atypical meningioma _ Radiology Case _ Radiopaedia.org - Opera.jpg; 2022-05-30 15_11_06-Atypical meningioma _ Radiology Case _ Radiopaedia.org - Opera.jpg,2022-05-30 15_10_56-Atypical meningioma _ Radiology Case _ Radiopaedia.org - Opera.jpg,2022-05-30 15_11_06-Atypical meningioma _ Radiology Case _ Radiopaedia.org - Opera.jpg
Meningioma T2,336f905cd1c66a5e35a265a34d0c96294a64c61b95ac9461abc20d847c7c4217,2022-05-30 15_22_57-Meningioma _ Radiology Case _ Radiopaedia.org - Opera.jpg; 2022-05-30 15_23_08-Meningioma _ Radiology Case _ Radiopaedia.org - Opera.jpg,2022-05-30 15_22_57-Meningioma _ Radiology Case _ Radiopaedia.org - Opera.jpg,2022-05-30 15_23_08-Meningioma _ Radiology Case _ Radiopaedia.org - Opera.jpg
Meningioma T2,03f92aa823e9cfe7501af89a887719d118ecda402071485c947457320dd94524,2022-05-30 16_59_45-Intraventricular meningioma _ Radiology Case _ Radiopaedia.org - Opera.jpg; 2022-05-30 16_59_55-Intraventricular meningioma _ Radiology Case _ Radiopaedia.org - Opera.jpg,2022-05-30 16_59_45-Intraventricular meningioma _ Radiology Case _ Radiopaedia.org - Opera.jpg,2022-05-30 16_59_55-Intraventricular meningioma _ Radiology Case _ Radiopaedia.org - Opera.jpg
Meningioma T2,4937773638614f1792de3ce1e52d67d5e695a00252b982d8f14ba35fb692eca0,2022-05-30 16_59_46-Intraventricular meningioma _ Radiology Case _ Radiopaedia.org - Opera.jpg; 2022-05-30 16_59_54-Intraventricular meningioma _ Radiology Case _ Radiopaedia.org - Opera.jpg,2022-05-30 16_59_46-Intraventricular meningioma _ Radiology Case _ Radiopaedia.org - Opera.jpg,2022-05-30 16_59_54-Intraventricular meningioma _ Radiology Case _ Radiopaedia.org - Opera.jpg
Meningioma T2,32ea2bd6515d5648c192554333b6c3de451c876d23ce747c2a5061bcd3e65d18,2022-05-30 16_59_47-Intraventricular meningioma _ Radiology Case _ Radiopaedia.org - Opera.jpg; 2022-05-30 16_59_52-Intraventricular meningioma _ Radiology Case _ Radiopaedia.org - Opera.jpg,2022-05-30 16_59_47-Intraventricular meningioma _ Radiology Case _ Radiopaedia.org - Opera.jpg,2022-05-30 16_59_52-Intraventricular meningioma _ Radiology Case _ Radiopaedia.org - Opera.jpg
Meningioma T2,818fdbf5ef57a669233f421dc381b59d67c0c076f0efc6134ab12dc1c2340c7c,2022-05-30 17_01_46-Intraventricular meningioma _ Radiology Case _ Radiopaedia.org - Opera.jpg; 2022-05-30 17_02_06-Intraventricular meningioma _ Radiology Case _ Radiopaedia.org - Opera.jpg,2022-05-30 17_01_46-Intraventricular meningioma _ Radiology Case _ Radiopaedia.org - Opera.jpg,2022-05-30 17_02_06-Intraventricular meningioma _ Radiology Case _ Radiopaedia.org - Opera.jpg
Meningioma T2,5eabde3d85cc01876fe5d1459c26617670e03bd5cc8c77d16cce4629c595a3cc,2022-05-30 17_01_49-Intraventricular meningioma _ Radiology Case _ Radiopaedia.org - Opera.jpg; 2022-05-30 17_02_04-Intraventricular meningioma _ Radiology Case _ Radiopaedia.org - Opera.jpg,2022-05-30 17_01_49-Intraventricular meningioma _ Radiology Case _ Radiopaedia.org - Opera.jpg,2022-05-30 17_02_04-Intraventricular meningioma _ Radiology Case _ Radiopaedia.org - Opera.jpg
Meningioma T2,a71316f8a76391c17b1ab6f90584048c1ed33f4653dc2f19f18503bbbcce9a09,2022-05-30 17_01_50-Intraventricular meningioma _ Radiology Case _ Radiopaedia.org - Opera.jpg; 2022-05-30 17_02_03-Intraventricular meningioma _ Radiology Case _ Radiopaedia.org - Opera.jpg,2022-05-30 17_01_50-Intraventricular meningioma _ Radiology Case _ Radiopaedia.org - Opera.jpg,2022-05-30 17_02_03-Intraventricular meningioma _ Radiology Case _ Radiopaedia.org - Opera.jpg
Meningioma T2,842b265047358cfb2377ee2eb968d340c936eb94f20b1eb095739ab17615d177,2022-05-30 17_01_51-Intraventricular meningioma _ Radiology Case _ Radiopaedia.org - Opera.jpg; 2022-05-30 17_02_01-Intraventricular meningioma _ Radiology Case _ Radiopaedia.org - Opera.jpg,2022-05-30 17_01_51-Intraventricular meningioma _ Radiology Case _ Radiopaedia.org - Opera.jpg,2022-05-30 17_02_01-Intraventricular meningioma _ Radiology Case _ Radiopaedia.org - Opera.jpg
Oligodendroglioma T1,b0fdf782f5cb74f7088f9726567387041830cf8ff647bb40a487cd5148b9c551,304e65b9031d2355a3d7625be9056a_big_gallery.jpeg; 7492fbeebf6272bfae7df07f919ada_big_gallery.jpeg,304e65b9031d2355a3d7625be9056a_big_gallery.jpeg,7492fbeebf6272bfae7df07f919ada_big_gallery.jpeg
Oligodendroglioma T2,054d8adcdb6bedeb44dd5e47664d7dcfeae9f0664dd718acdc8515902a03030a,246b895d3295c19593ec425e53a077_big_gallery.jpeg; 27b75e3f31652bf47098214fc16c9e_big_gallery.jpeg,246b895d3295c19593ec425e53a077_big_gallery.jpeg,27b75e3f31652bf47098214fc16c9e_big_gallery.jpeg
